og430,Air Travel,com.united.mobile.android,3
og430,Air Travel,com.southwestairlines.mobile,3
og430,Air Travel,com.delta.mobile.android,3
og430,Air Travel,com.aa.android,3
og430,Air Travel,gov.dhs.tsa.mytsa,3
og430,Air Travel,com.ba.mobile,3
og430,Air Travel,com.ryanair.cheapflights,3
og430,Air Travel,com.mttnow.droid.easyjet,3
og430,Air Travel,com.flightview.flightview_free,3
og430,Air Travel,com.jetcost.jetcost,3
og430,Air Travel,com.pinkfroot.planefinder,3
og430,Air Travel,com.mobiata.flightboard,3
og430,Air Travel,com.pinkfroot.planefinder3d,3
og430,Air Travel,com.airfrance.android.dinamoprd,3
og430,Air Travel,com.alitalia.mobile,3
og430,Air Travel,com.mo2o.vueling,3
og430,Air Travel,com.momondo.flightsearch,3
og430,Air Travel,com.iberia.android,3
og430,Air Travel,com.ik.flighthero,3
og430,Air Travel,com.iberia.express.android,3
og431,Animals,net.cleverbit.LearnAnimals,3
og431,Animals,com.magmamobile.game.Animals,3
og431,Animals,com.pocketgems.android.animalvoyage,3
og431,Animals,com.juniorpear.animal_sound,3
og431,Animals,com.gameloft.android.ANMP.GloftZRHM,3
og431,Animals,com.amech.hunting.jungle.animals,3
og431,Animals,co.romesoft.toddlers.puzzle.animals,3
og431,Animals,com.tedrasoft.animalsquiz,3
og431,Animals,air.fisherprice.com.animalsounds,3
og431,Animals,com.tivola.animals.home,3
og431,Animals,air.com.tutotoons.app.animalhairsalon2jungle.free,3
og431,Animals,com.WildWorks.AnimalJamPlayWild,3
og431,Animals,com.mas3dstudio.zooanimaltrucktransport,3
og431,Animals,net.fagames.android.playkids.animals,3
og431,Animals,air.com.tutotoons.app.animalhairsalon,3
og431,Animals,com.wisesharksoftware.animalfaces,3
og431,Animals,com.mobilicos.howtomakeorigamianimals,3
og431,Animals,com.premiumsoftware.animalsoundsandphotos,3
og431,Animals,com.lego.duplo.forest,3
og431,Animals,gr.blogspot.feasyapps.animalsforkids,3
og431,Animals,imagepro.hdanimalcatalogpro,3
og431,Animals,com.insasofttech.lastlifeyouwere,3
og431,Animals,com.lego.duplo.forest,3
og431,Animals,com.ksoft.animals,3
og431,Animals,com.coloring.book.animals,3
og434,Beauty & Cosmetics,com.commsource.beautyplus,3
og434,Beauty & Cosmetics,com.fotoable.fotobeauty,3
og434,Beauty & Cosmetics,com.cyberlink.youcammakeup,3
og434,Beauty & Cosmetics,com.lyrebirdstudio.beauty,3
og434,Beauty & Cosmetics,com.fotoable.selfieplus,3
og434,Beauty & Cosmetics,com.beautylish,3
og434,Beauty & Cosmetics,com.arcsoft.perfect365,3
og434,Beauty & Cosmetics,com.cyberlink.youperfect,3
og434,Beauty & Cosmetics,com.northpark.beautycamera,3
og434,Beauty & Cosmetics,com.meitu.makeup,3
og434,Beauty & Cosmetics,com.powerapps2.combination,3
og434,Beauty & Cosmetics,com.lezhi.princessbeautyspasalon,3
og434,Beauty & Cosmetics,com.ywqc.picbeauty,3
og438,Beauty & Cosmetics,com.bearhugmedia.android_beautysalon2,3
og434,Beauty & Cosmetics,com.live.work.beauty,3
og434,Beauty & Cosmetics,com.fotoable.makeup,3
og434,Beauty & Cosmetics,com.live.work.careofself,3
og434,Beauty & Cosmetics,com.guide.beauty.complete,3
og434,Beauty & Cosmetics,com.animoca.google.beautyIdol,3
og434,Beauty & Cosmetics,com.menue.sh.beautycamera,3
og434,Beauty & Cosmetics,net.beautyincorporated.android_facepaint,3
og434,Beauty & Cosmetics,com.jagran.onlymyhealth,3
og434,Beauty & Cosmetics,com.Nail.Art.Beauty.Salon.Game.DIY,3
og434,Beauty & Cosmetics,air.com.dressupone.beautyhairsalon,3
og434,Beauty & Cosmetics,com.mystylinglounge.android_highschool,3
og438,Communication,com.facebook.orca,3
og438,Communication,com.whatsapp,3
og438,Communication,kik.android,3
og438,Communication,com.jb.gosms,3
og438,Communication,com.skype.raider,3
og438,Communication,com.viber.voip,3
og438,Communication,com.yahoo.mobile.client.android.mail,3
og438,Communication,com.imo.android.imoim,3
og438,Communication,com.callapp.contacts,3
og438,Communication,com.orange.mail.fr,3
og438,Communication,com.onoffapp.app,3
og438,Communication,com.azarlive.android,3
og438,Communication,com.textra,3
og438,Communication,com.sfr.android.sfrmail,3
og438,Communication,org.telegram.messenger,3
og438,Communication,it.italiaonline.mail,3
og438,Communication,com.cmcm.whatscall,3
og438,Communication,com.truecaller,3
og438,Communication,com.vodafone.messaging,3
og438,Communication,com.tuenti.messenger,3
og438,Communication,com.movistar.android.mimovistar.es,3
og438,Communication,com.instanza.baba,3
og438,Communication,es.ono.MiOno,3
og438,Communication,com.yoigo.miyoigo,3
og439,Computers,com.screenovate.dell.monitorclient,3
og439,Computers,com.biworldwideltd.dellpartneradvantage,3
og439,Computers,com.dell.workspace,3
og439,Computers,com.asus.remotelink.full,3
og439,Computers,com.authy.dell,3
og439,Computers,com.hp.android.print,3
og439,Computers,com.hp.printercontrol,3
og439,Computers,com.hp.android.printservice,3
og439,Computers,com.hp.essn.iss.ilo.iec.spa,3
og439,Computers,com.hp.extrakeyboardlayout,3
og439,Computers,com.pcvirt.Computer,3
og439,Computers,naveen.mycomputerthemefilemanager,3
og439,Computers,com.google.chromeremotedesktop,3
og439,Computers,com.apple.android.music,3
og439,Computers,com.asus.launcher,3
og439,Computers,com.asus.aihome,3
og439,Computers,com.asus.filemanager,3
og439,Computers,com.asus.flashlight,3
og439,Computers,com.asus.gallery,3
og439,Computers,com.lenovo.serviceit,3
og439,Computers,com.nextix.jumpsite.lenovo,3
og439,Computers,com.lenovo.homecloud,3
og439,Computers,com.sand.airdroid,3
og439,Computers,com.necta.wifimousefree,3
og439,Computers,com.teamviewer.teamviewer.market.mobile,3
og440,Electronics,com.twob.electronics,3
og440,Electronics,com.faadooengineers.free_basicelectronicsengineering,3
og440,Electronics,com.rs.electronicformulas,3
og440,Electronics,com.keuwl.arduinobluetooth,3
og440,Electronics,com.appdevgenie.electronicscalculator,3
og440,Electronics,com.muna.electronicsolution,3
og440,Electronics,com.blogspot.karabut.rescal,3
og440,Electronics,com.aequus.electronic_engineering,3
og440,Electronics,techmasterplus.basicelectronics,3
og440,Electronics,air.com.yudu.ReaderAIR2007221,3
og440,Electronics,com.hkonstas.pdraft,3
og440,Electronics,nrapps.android.digitalcalculator,3
og440,Electronics,com.vserv.electronicsBazar,3
og440,Electronics,com.tndroid.arduino_tutorials,3
og440,Electronics,name.antonsmirnov.android.arduinodroid2,3
og440,Electronics,it.android.demi.elettronica,3
og440,Electronics,it.Ettore.calcolielettrici,3
og440,Electronics,an.ElectricalEng,3
og440,Electronics,com.lifekart.eduquiz.electrical,3
og440,Electronics,com.mr.complete_electrical_dictionary_free,3
og440,Electronics,org.coopersoft.elcalcfree,3
og440,Electronics,engg.hub.basic.elec.enggineering,3
og440,Electronics,com.josemunoz.electroniccircuits,3
og442,Education,com.duolingo,3
og442,Education,com.brainbow.peak.app,3
og442,Education,mobi.abcmouse.academy_goo,3
og442,Education,org.pbskids.video,3
og442,Education,com.t11.skyviewfree,3
og442,Education,uk.co.focusmm.dts_theory_free,3
og442,Education,com.classdojo.android,3
og442,Education,ch.uk_regional,3
og442,Education,uk.co.bbc.bitesize,3
og442,Education,com.memrise.android.memrisecompanion,3
og442,Education,air.com.permisecole.peandrophone,3
og442,Education,com.kreactive.digischool.codedelaroute,3
og442,Education,com.abaenglish.videoclass,3
og442,Education,com.babbel.mobile.android.en,3
og442,Education,org.plantnet,3
og442,Education,com.bokapp.quizpatente,3
og442,Education,com.suvorov.it_en,3
og442,Education,com.mobileapps.apps.LearnToDraw,3
og442,Education,it.rullodev.android.gradeassistant.app2,3
og442,Education,eu.spaggiari.classeviva,3
og442,Education,com.rtve.clan,3
og442,Education,com.TodoTest,3
og442,Education,air.com.ercangigi.sitesin3d,3
og442,Education,com.vertaler.esen,3
og442,Education,com.tocaboca.tocakitchen,3
og443,Entertainment,com.netflix.mediaclient,3
og443,Entertainment,mobi.ifunny,3
og443,Entertainment,com.google.android.play.games,3
og443,Entertainment,com.hulu.plus,3
og443,Entertainment,com.hbo.hbonow,3
og443,Entertainment,com.tellybug.talent.britain,3
og443,Entertainment,air.uk.co.bbc.android.mediaplayer,3
og443,Entertainment,air.ITVMobilePlayer,3
og443,Entertainment,bbc.iplayer.android,3
og443,Entertainment,com.google.android.play.games,3
og443,Entertainment,com.digidust.elokence.akinator.freemium,3
og443,Entertainment,fr.tf1.mytf1,3
og443,Entertainment,fr.m6.m6replay,3
og443,Entertainment,com.canal.android.canal,3
og443,Entertainment,fr.playsoft.teleloisirs,3
og443,Entertainment,it.mediaset.mediasetconnect.android,3
og443,Entertainment,es.mrcl.app.juasapp,3
og443,Entertainment,com.scoompa.facechanger2,3
og443,Entertainment,it.rainet,3
og443,Entertainment,com.droid.developer.pressure.measurement,3
og443,Entertainment,com.ismaker.android.simsimi,3
og443,Entertainment,com.disney.dedisneychannel_goo,3
og443,Entertainment,com.idiotizador,3
og443,Entertainment,com.mitelelite,3
og443,Entertainment,com.pokemon.camppokemon,3
og444,Financial Products & Services,com.creditkarma.mobile,3
og444,Financial Products & Services,com.chase.sig.android,3
og444,Financial Products & Services,com.infonow.bofa,3
og444,Financial Products & Services,com.wf.wellsfargomobile,3
og444,Financial Products & Services,com.paypal.android.p2pmobile,3
og444,Financial Products & Services,com.google.android.apps.walletnfcrel,3
og444,Financial Products & Services,com.barclays.android.barclaysmobilebanking,3
og444,Financial Products & Services,com.paypal.android.p2pmobile,3
og444,Financial Products & Services,com.fd.accessplusecs.aqua,3
og444,Financial Products & Services,com.rbs.mobile.android.natwest,3
og444,Financial Products & Services,com.fullsix.android.labanquepostale.accountaccess,3
og444,Financial Products & Services,fr.creditagricole.androidapp,3
og444,Financial Products & Services,com.caisseepargne.android.mobilebanking,3
og444,Financial Products & Services,fr.gouv.finances.smartphone.android,3
og444,Financial Products & Services,mobi.societegenerale.mobile.lappli,3
og444,Financial Products & Services,posteitaliane.posteapp.apppostepay,3
og444,Financial Products & Services,com.latuabancaperandroid,3
og444,Financial Products & Services,posteitaliane.posteapp.appbpol,3
og444,Financial Products & Services,com.posteitaliane.postemobilestore,3
og444,Financial Products & Services,com.unicredit,3
og444,Financial Products & Services,es.lacaixa.mobile.android.newwapicon,3
og444,Financial Products & Services,com.bbva.bbvacontigo,3
og444,Financial Products & Services,es.cm.android,3
og444,Financial Products & Services,es.bancosantander.apps,3
og444,Financial Products & Services,net.inverline.bancosabadell.officelocator.android,3
og445,Food & Dining,com.justeat.app.uk,3
og445,Food & Dining,foodquiz.guessthefood,3
og445,Food & Dining,com.hungryhouse,3
og445,Food & Dining,com.scripps.android.foodnetwork,3
og445,Food & Dining,com.yummly.android,3
og445,Food & Dining,br.com.brainweb.ifood,3
og445,Food & Dining,com.application.zomato,3
og445,Food & Dining,com.global.hellofood.android,3
og445,Food & Dining,com.global.foodpanda.android,3
og445,Food & Dining,com.application.zomato,3
og445,Food & Dining,com.akasoft.topplaces,3
og445,Food & Dining,com.lafourchette.lafourchette,3
og445,Food & Dining,com.tripadvisor.tripadvisor,3
og445,Food & Dining,md.apps.bisondining,3
og445,Food & Dining,com.handyapps.finddining,3
og447,Health,com.fitbit.FitbitMobile,3
og447,Health,com.myfitnesspal.android,3
og447,Health,com.google.android.apps.fitness,3
og447,Health,com.cvs.launchers.cvs,3
og447,Health,com.tayu.tau.pedometer,3
og447,Health,com.strava,3
og447,Health,com.gettheworldmoving.hundreddaysevent,3
og447,Health,cc.pacer.androidapp,3
og447,Health,com.davor.thirtydayfit,3
og447,Health,com.mapmywalk.android2,3
og447,Health,fr.cnamts.it.activity,3
og447,Health,com.runtastic.android,3
og447,Health,com.runtastic.android.results.lite,3
og447,Health,com.augmentra.viewranger.android,3
og447,Health,com.lesecretdupoids,3
og447,Health,cx.grapho.melarossa,3
og447,Health,com.popularapp.periodcalendar,3
og447,Health,com.sec.android.app.shealth,3
og447,Health,com.myfitnesspal.android,3
og447,Health,com.clue.android,3
og447,Health,com.popularapp.periodcalendar,3
og447,Health,com.endomondo.android,3
og447,Health,com.google.android.apps.fitness,3
og447,Health,com.insplisity.ultimatefullbodyworkouts,3
og447,Health,com.kaylaitsines.sweatwithkayla,3
og448,Genealogy,org.familysearch.mobile,3
og448,Genealogy,com.ancestry.android.apps.ancestry,3
og448,Genealogy,com.ghcssoftware.gedstar,3
og448,Genealogy,com.genealogygems.android.genealogygemspodcast5,3
og448,Genealogy,fr.elol.genealogy,3
og448,Genealogy,air.com.myheritage.mobile,3
og448,Genealogy,no.haraluna.rootsmap,3
og448,Genealogy,org.familysearch.mobile.memories,3
og448,Genealogy,com.gapwebagency.genealogy,3
og448,Genealogy,com.wolfram.android.alpha,3
og448,Genealogy,com.cdip.geneatiqueMobile,3
og450,Mobile,csesena.utilidades.mobilecomparer,3
og450,Mobile,com.panasonic.psn.android.tgdect,3
og450,Mobile,com.garmin.android.apps.phonelink,3
og450,Mobile,com.miragestack.smart.phone.lock,3
og450,Mobile,com.findthebest.android.mobiletech,3
og450,Mobile,desarmar.repararmoviles,3
og450,Mobile,me.scan.android.client,3
og450,Mobile,smartphoneassistant.pwdesign.mdo,3
og450,Mobile,com.my.nscreen,3
og450,Mobile,com.onexsoftech.callernameannouncer,3
og450,Mobile,com.samsungimaging.connectionmanager,3
og450,Mobile,com.fsp.android.phonetracker,3
og450,Mobile,com.mob91,3
og450,Mobile,com.monotype.android.font.simprosys.stylishfonts,3
og450,Mobile,ginlemon.flowerfree,3
og450,Mobile,com.antutu.ABenchMark,3
og450,Mobile,com.abs.cpu_z_advance,3
og450,Mobile,org.zwanoo.android.speedtest,3
og450,Mobile,com.dama.hardwareinfo,3
og450,Mobile,com.mtorres.phonetester,3
og451,Photography,com.google.android.apps.photos,3
og451,Photography,com.facebook.moments,3
og451,Photography,com.instagram.layout,3
og451,Photography,com.cyberlink.youcammakeup,3
og451,Photography,com.lyrebirdstudio.montagenscolagem,3
og451,Photography,com.cardinalblue.piccollage.google,3
og451,Photography,com.zentertain.photoeditor,3
og451,Photography,com.instagram.boomerang,3
og451,Photography,com.planetart.fpuk,3
og451,Photography,com.lyrebirdstudio.montagenscolagem,3
og451,Photography,com.venticake.retrica,3
og451,Photography,com.magicpen.snapphoto,3
og451,Photography,com.manboker.headportrait,3
og451,Photography,com.picsart.studio,3
og451,Photography,com.zentertain.photocollage,3
og451,Photography,com.pipcamera.activity,3
og451,Photography,com.meitu.makeup,3
og451,Photography,com.zentertain.photocollage,3
og451,Photography,com.cyberlink.youperfect,3
og451,Photography,com.joeware.android.gpulumera,3
og451,Photography,com.picsart.studio,3
og451,Photography,vsin.t16_funny_photo,3
og451,Photography,com.meitu.makeup,3
og451,Photography,com.zentertain.photoeditor,3
og451,Photography,com.pipcamera.activity,3
og454,Home Improvement,com.planner5d.planner5d,3
og454,Home Improvement,com.handymoby,3
og454,Home Improvement,com.houzz.app,3
og454,Home Improvement,com.contextlogic.home,3
og454,Home Improvement,droids1.prasad.des.interior,3
og454,Home Improvement,fr.anuman.HomeDesign3D,3
og454,Home Improvement,pl.planmieszkania.android,3
og454,Home Improvement,com.autodesk.homestyler,3
og454,Home Improvement,com.planner5d.kitchen,3
og454,Home Improvement,com.absmallbusinessmarketing.culverconstruction,3
og454,Home Improvement,com.craft.android.home,3
og454,Home Improvement,com.nimblesoftsolutions,3
og454,Home Improvement,com.absbm.homedesign,3
og454,Home Improvement,com.masiro.homeinterior,3
og454,Home Improvement,com.crowdcompass.appozYr7E6jx0,3
og454,Home Improvement,com.pinterest,3
og456,Sports,com.nbadigital.gametimelite,3
og456,Sports,com.espn.score_center,3
og456,Sports,air.WatchESPN,3
og456,Sports,com.foxsports.videogo,3
og456,Sports,com.bamnetworks.mobile.android.gameday.atbat,3
og456,Sports,com.uefa.euro2016,3
og456,Sports,de.motain.iliga,3
og456,Sports,com.bskyb.sportnews,3
og456,Sports,uk.co.bbc.android.sportdomestic,3
og456,Sports,com.bskyb.fbscore,3
og456,Sports,com.ibm.events.android.rg,3
og456,Sports,de.motain.iliga,3
og456,Sports,fr.francetv.francetvsport,3
og456,Sports,com.activaweb.matchendirect,3
og456,Sports,com.uefa.ucl,3
og456,Sports,de.motain.iliga,3
og456,Sports,com.jappit.calcio,3
og456,Sports,it.know.calciomercato.com.free.app,3
og456,Sports,it.telecomitalia.calcio,3
og456,Sports,com.tcc.android.tmw,3
og456,Sports,com.mcentric.mcclient.MyMadrid,3
og456,Sports,com.iphonedroid.marca,3
og456,Sports,es.lfp.gi.main,3
og456,Sports,eu.livesport.MisMarcadores_com,3
og456,Sports,com.resultadosfutbol.mobile,3
og458,Travel,com.waze,3
og458,Travel,com.yelp.android,3
og458,Travel,com.google.earth,3
og458,Travel,mobi.wifi.toolbox,3
og458,Travel,com.airbnb.android,3
og458,Travel,com.tripadvisor.tripadvisor,3
og458,Travel,com.booking,3
og458,Travel,com.ryanair.cheapflights,3
og458,Travel,com.mttnow.droid.easyjet,3
og458,Travel,com.theaa.android.theaa,3
og458,Travel,com.comuto,3
og458,Travel,com.pagesjaunes,3
og458,Travel,com.viamichelin.android.viamichelinmobile,3
og458,Travel,com.mapswithme.maps.pro,3
og458,Travel,com.mappy.app,3
og458,Travel,com.tomtom.gplay.navapp,3
og458,Travel,com.sygic.aura,3
og458,Travel,com.trivago,3
og458,Travel,net.skyscanner.android.main,3
og458,Travel,it.telepass.prod.TelepassPyng,3
og458,Travel,rge.tech.usuarios,3
og458,Travel,com.buscounchollo,3
og458,Travel,net.sharewire.subastadeocio,3
og458,Travel,com.renfe.wsm,3
og458,Travel,com.wikiloc.wikilocandroid,3
og471,Cruise,com.cruise.android,3
og471,Cruise,shipmate.carnival,3
og471,Cruise,com.lht.icruise,3
og471,Cruise,com.vg.CruiseShipParking,3
og471,Cruise,com.disney.cruise.sept_goo,3
og471,Cruise,com.carnival.android,3
og471,Cruise,com.msccruises,3
og471,Cruise,com.fungamesmobile.escapecruise,3
og471,Cruise,com.royalcaribbean.rccl,3
og471,Cruise,com.cruiseshipnews,3
og471,Cruise,com.tapatalk.boardscruisecriticcom,3
og471,Cruise,com.onlinerepublic.CruiseSaleFinderAU,3
og471,Cruise,com.markveys.aida.app.phone,3
og471,Cruise,com.cactusoft.allcruiselinejobs,3
og471,Cruise,shipmate.costa,3
og471,Cruise,it.sempliceviaggi.ticketcosta,3
og471,Cruise,com.greencopper.android.hamburgcruisedays,3
og471,Cruise,com.jimbl.cruisetripplanner,3
og471,Cruise,me.doubledutch.cruisemiami,3
og459,Wedding,com.fotavo.todolist.ladymarry,3
og459,Wedding,com.wepala.weddingplan,3
og459,Wedding,com.planningnote.wedding.planner,3
og459,Wedding,com.weddingwire.user,3
og459,Wedding,com.weddingdress360,3
og459,Wedding,net.beautyincorporated.android_weddingstylist,3
og459,Wedding,com.agnesse.weddingplanner,3
og459,Wedding,de.Eysoldt.Hochzeit,3
og459,Wedding,com.acty.themousist,3
og459,Wedding,com.apps.apps9e0a1ef28464,3
og459,Wedding,com.silamedia.weddingplanorg,3
og459,Wedding,weddingPlanner.libraries,3
og459,Wedding,com.wedmegood.planner,3
og459,Wedding,com.mobileonix.myweddingapp,3
og459,Wedding,com.mchaimech.planmywed,3
og459,Wedding,com.weddingservices.wedAbout,3
og459,Wedding,pl.js.weddingbudget,3
og459,Wedding,com.ourweddingplannertools,3
og459,Wedding,com.auphadevelop.weddingdresses,3
og459,Wedding,droids1.prasad.des.weddingdeco,3
og459,Wedding,com.irishwedding.irishweddingplanner,3
og459,Wedding,easy.shadi.com,3
og459,Wedding,net.mariages.launcher,3
og461,Alpine Sports,at.orf.sport,3
og461,Alpine Sports,om.redbull.redbulldotcom,3
og461,Alpine Sports,com.corecoders.skitracks,3
og461,Alpine Sports,psyberia.alpinequest.full,3
og461,Alpine Sports,com.turner.android.ncaa,3
og461,Alpine Sports,pl.wp.sport,3
og461,Alpine Sports,com.pandevo.schneeapp,3
og461,Alpine Sports,com.eurosport,3
og461,Alpine Sports,com.tkf.android,3
og461,Alpine Sports,de.alpstein.alpregio.AlpenvereinAktiv,3
og461,Alpine Sports,de.komoot.android,3
og461,Alpine Sports,com.bergfex.mobile.android.lite,3
og461,Alpine Sports,com.dav.davpanorama,3
og461,Alpine Sports,de.alpstein.alpregio.Ortovox,3
og461,Alpine Sports,com.wcrl.player,3
og464,Auto,com.netcarshow.android.app,3
og464,Auto,com.zumobi.android.automobile,3
og464,Auto,com.emas.autoplus,3
og464,Auto,com.autoscout24,3
og464,Auto,com.hitechrickshaw.autoplus,3
og464,Auto,fr.m6.turbo,3
og464,Auto,com.andromo.dev414687.app379902,3
og464,Auto,com.raaofsa.samotor.mag,3
og464,Auto,com.motors.activities,3
og464,Auto,com.emas.sportauto,3
og464,Auto,com.triactivemedia.americancar,3
og464,Auto,com.magazinecloner.carmagazineitalia,3
og464,Auto,com.magzter.autotechreview,3
og464,Auto,com.bauermedia.carmechanics,3
og464,Auto,com.magzter.hotcars,3
og464,Auto,br.com.icarros.androidapp,3
og465,Baseball,br.com.icarros.androidapp,3
og465,Baseball,lunosoftware.mlbscores,3
og465,Baseball,com.sports.schedules.scores.baseball.mlb,3
og465,Baseball,com.angesoft.mlblivescore,3
og465,Baseball,com.baseball.mlb.scores.news.schedules,3
og465,Baseball,com.handmark.sportcaster,3
og465,Baseball,com.espn.score_center,3
og465,Baseball,com.jhj.android.mlbmaster,3
og465,Baseball,lunosoftware.redsoxnews,3
og465,Baseball,org.appness.torontobaseballfree,3
og465,Baseball,com.mlive.tigers.android,3
og465,Baseball,org.appness.bostonbaseballfree,3
og465,Baseball,com.sports.scores.baseball.schedule.chicago.cubs,3
og465,Baseball,org.appness.sffree,3
og465,Baseball,org.appness.seattlebaseballfree,3
og465,Baseball,org.appness.oaklandbaseball,3
og465,Baseball,org.appness.anaheimbaseballfree,3
og465,Baseball,org.appness.bostonbaseballfree,3
og465,Baseball,org.appness.texasbaseballfree,3
og465,Baseball,net.andromo.dev31753.app33035,3
og466,Basketball,lunosoftware.nbascores,3
og466,Basketball,com.nbaimd.gametime.nba2011,3
og466,Basketball,com.sports.schedules.basketball.nba,3
og466,Basketball,com.fivemobile.thescore,3
og466,Basketball,com.basketball.nba.scores.news.schedules,3
og466,Basketball,com.andromo.dev37130.app406358,3
og466,Basketball,com.espn.score_center,3
og466,Basketball,com.kursea.nbaplayerstats,3
og466,Basketball,com.bleacherreport.android.teamstream,3
og466,Basketball,com.yinzcam.nba.warriors,3
og466,Basketball,com.clutchpoints,3
og466,Basketball,com.mlive.msubasketball.android,3
og466,Basketball,com.fflabs.basketnews,3
og466,Basketball,com.andromo.dev22397.app135207,3
og466,Basketball,me.megatag.bbs,3
og466,Basketball,com.ndo.nba.cleveland.cavaliers.news,3
og466,Basketball,com.vkp.newyorkbasketballnews,3
og466,Basketball,com.andromo.dev128364.app143415,3
og466,Basketball,com.briox.riversip.android.asports.basketball,3
og469,Cooking,com.linecorp.foodcam.android,3
og469,Cooking,com.foodies.foodiesapp,3
og469,Cooking,com.thebindleapp,3
og469,Cooking,com.application.zomato,3
og469,Cooking,com.grubat,3
og469,Cooking,com.foodiez.android,3
og469,Cooking,com.gamma.eyecandy,3
og469,Cooking,com.tummyrats,3
og469,Cooking,com.urbanspoon,3
og469,Cooking,net.adamslo.foodie,3
og469,Cooking,com.foodiemyanmar.release,3
og469,Cooking,com.ccs.juzfood,3
og469,Cooking,com.ARK.Foodie1,3
og469,Cooking,com.app_regentmedia.layout,3
og469,Cooking,com.conduit.app_25b1b4e15c9e4c0c95f310d46d9fd5ec.app,3
og469,Cooking,us.getsphere.tastyrecipes360,3
og469,Cooking,com.sqt.recipe,3
og469,Cooking,com.conduit.app_4a5923c870854aecb99f8da9d8750cc5.app,3
og469,Cooking,org.myapp.farhan.SRMFoodies2,3
og469,Cooking,com.spotluck,3
og469,Cooking,com.app.app15d7ab68d337,3
og469,Cooking,afoodieworld.foodie,3
og469,Cooking,co.com.appetit,3
og469,Cooking,lt.lim.foodie,3
og469,Cooking,com.wat.fuddiesbuddy,3
og480,NFL Football,com.turner.android.ncaa,3
og480,NFL Football,com.gotv.nflgamecenter.us.lite,3
og480,NFL Football,com.sportfusion.asports.nfl,3
og480,NFL Football,lunosoftware.nflscores,3
og480,NFL Football,lunosoftware.mlbscores,3
og480,NFL Football,com.fivemobile.thescore,3
og480,NFL Football,com.nfl.fantasy.core.android,3
og480,NFL Football,lunosoftware.nbascores,3
og480,NFL Football,com.bleacherreport.android.teamstream,3
og480,NFL Football,com.nfl.mobile.draft,3
og480,NFL Football,lunosoftware.nhlscores,3
og480,NFL Football,de.motain.iliga,3
og480,NFL Football,lunosoftware.ncaafbscores,3
og480,NFL Football,com.espn.score_center,3
og480,NFL Football,com.scores365,3
og480,NFL Football,com.yinzcam.nfl.panthers,3
og480,NFL Football,bbc.mobile.news.uk,3
og480,NFL Football,com.espn.fc,3
og480,NFL Football,com.traderumors,3
og480,NFL Football,com.bskyb.skynews.android,3
og480,NFL Football,com.sports.schedules.football.nfl,3
og480,NFL Football,com.yinzcam.nfl.packers,3
og480,NFL Football,com.playup.android,3
og480,NFL Football,com.yinzcam.nfl.raiders,3
og480,NFL Football,com.andromo.dev22397.app135143,3
og492,Music,com.pandora.android,3
og492,Music,com.spotify.music,3
og492,Music,com.google.android.apps.youtube.music,3
og492,Music,com.soundcloud.android,3
og492,Music,com.smule.singandroid,3
og492,Music,deezer.android.app,3
og492,Music,com.shazam.android,3
og492,Music,uk.co.bbc.android.iplayerradio,3
og492,Music,app/tunein.player,3
og492,Music,com.amazon.mp3,3
og492,Music,mbinc12.mb32b,3
og492,Music,com.carrefour.playbackchallenge,3
og492,Music,media.audioplayer.musicplayer,3
og492,Music,com.rhapsody.napster,3
og492,Music,fr.redshift.nrj,3
og492,Music,com.plus.music.playrv1,3
og492,Music,com.zentertain.freemusic,3
og492,Music,com.tbig.playerprotrial,3
og492,Music,com.zentertain.freemusic,3
og492,Music,com.eliferun.music,3
og492,Music,com.lhaudio.tube.mp3.player,3
og492,Music,com.ivoox.app,3
og492,Music,com.smule.autorap,3
og492,Music,moldesbrothers.miradio,3
og492,Music,tunein.player,3
og501,Soccer,com.zumobi.msnbc,3
og501,Soccer,com.july.univision,3
og501,Soccer,com.espn.fc,3
og501,Soccer,com.bleacherreport.android.teamstream,3
og501,Soccer,com.fivemobile.thescore,3
og501,Soccer,com.uefa.euro2016,3
og501,Soccer,com.bskyb.fbscore,3
og501,Soccer,com.uefa.ucl,3
og501,Soccer,holoduke.soccer_gen,3
og501,Soccer,com.arsenal.official,3
og501,Soccer,com.activaweb.matchendirect,3
og501,Soccer,lequipe.fr,3
og501,Soccer,net.footmercato.mobile,3
og501,Soccer,fr.airweb.psg,3
og501,Soccer,com.jappit.calcio,3
og501,Soccer,com.xoopsoft.apps.seriea.free,3
og501,Soccer,com.tcc.android.tmw,3
og501,Soccer,it.know.calciomercato.com.free.app,3
og501,Soccer,com.gluak.f24,3
og501,Soccer,com.iphonedroid.marca,3
og501,Soccer,BeSoccer - Soccer Live Score,3
og501,Soccer,es.lfp.gi.main,3
og501,Soccer,com.mcentric.mcclient.MyMadrid,3
og501,Soccer,com.mcentric.mcclient.FCBWorld,3
og460,Active Traders,com.texterity.android.thinkMoney,3
og460,Active Traders,com.avuscapital.trading212,3
og460,Active Traders,net.metaquotes.metatrader4,3
og460,Active Traders,com.fusionmedia.investing,3
og460,Active Traders,com.alifesoftware.stocktrainer,3
og460,Active Traders,com.tiim.goforexx24,3
og460,Active Traders,com.devexperts.tdmobile.platform.android.ameritrade,3
og460,Active Traders,com.etoro.mobileclient,3
og460,Active Traders,com.getbux.android,3
og460,Active Traders,com.botxgames.trader.a,3
og460,Active Traders,com.Plus500,3
og460,Active Traders,net.atozapps.www.tradertrainer,3
og460,Active Traders,com.wBinaryOptionsTrading,3
og460,Active Traders,net.metaquotes.metatrader5,3
og460,Active Traders,de.anderdonau.spacetrader,3
og460,Active Traders,uk.co.autotrader.androidconsumersearch,3
og460,Active Traders,com.xfr.xtrade,3
og460,Active Traders,com.binarytech.fxsignals,3
og460,Active Traders,com.teletrader.android,3
og460,Active Traders,com.microsoft.amp.apps.bingfinance,3
og460,Active Traders,com.bloomberg.android.plus,3
og460,Active Traders,com.fortrade.fortraderapp,3
og460,Active Traders,air.com.fxcm.TSmobilePhone,3
og460,Active Traders,uk.co.fxpro.fxprotools,3
og460,Active Traders,com.hkfdt.en.forex,3
og463,Auction/Classified Shoppers,com.offerup,3
og463,Auction/Classified Shoppers,com.abtnprojects.ambatana,3
og463,Auction/Classified Shoppers,com.contextlogic.wish,3
og463,Auction/Classified Shoppers,com.amazon.mShop.android.shopping,3
og463,Auction/Classified Shoppers,com.kohls.mcommerce.opal,3
og463,Auction/Classified Shoppers,com.ebay.mobile,3
og463,Auction/Classified Shoppers,com.shpock.android,3
og463,Auction/Classified Shoppers,com.amazon.mShop.android.shopping,3
og463,Auction/Classified Shoppers,com.mobeam.beepngo,3
og463,Auction/Classified Shoppers,com.groupon,3
og463,Auction/Classified Shoppers,com.venteprivee,3
og463,Auction/Classified Shoppers,com.holosfind.showroom,3
og463,Auction/Classified Shoppers,com.alibaba.aliexpresshd,3
og463,Auction/Classified Shoppers,com.ocito.laredoute,3
og463,Auction/Classified Shoppers,fr.leboncoin,3
og463,Auction/Classified Shoppers,com.groupon,3
og463,Auction/Classified Shoppers,com.privalia.it,3
og463,Auction/Classified Shoppers,it.doveconviene.android,3
og463,Auction/Classified Shoppers,de.zalando.mobile,3
og463,Auction/Classified Shoppers,de.stocard.stocard,3
og463,Auction/Classified Shoppers,com.muba.anuncios,3
og463,Auction/Classified Shoppers,com.wallapop,3
og463,Auction/Classified Shoppers,com.alibaba.aliexpresshd,3
og463,Auction/Classified Shoppers,com.anuntis.segundamano,3
og463,Auction/Classified Shoppers,app/com.chicfy,3
og467,Business Professionals,com.appxy.tinyscanner,3
og467,Business Professionals,com.squareup,3
og467,Business Professionals,com.adpmobile.android,3
og467,Business Professionals,com.androidrocker.callblocker,3
og467,Business Professionals,com.Slack,3
og467,Business Professionals,com.mobisystems.office,3
og467,Business Professionals,com.samsunguk.mygalaxy,3
og467,Business Professionals,com.facebook.pages.app,3
og467,Business Professionals,cn.wps.moffice_eng,3
og467,Business Professionals,com.mobisystems.fileman,3
og467,Business Professionals,com.airwatch.androidagent,3
og467,Business Professionals,com.infraware.office.link,3
og467,Business Professionals,io.cordova.AS24AppDriver,3
og467,Business Professionals,com.mobileiron,3
og467,Business Professionals,com.kunkunsoft.cardboardappforgearvr,3
og467,Business Professionals,salmoiraghiloyaltyapp.droid,3
og467,Business Professionals,com.smsrobot.callu,3
og467,Business Professionals,com.smsrobot.callrecorder,3
og467,Business Professionals,com.ospolice.packagedisablerpro,3
og467,Business Professionals,eu.amway.mobile.businessapp,3
og467,Business Professionals,com.google.android.apps.adwords,3
og467,Business Professionals,com.Worktoday,3
og467,Business Professionals,com.microsoft.rdc.android,3
og467,Business Professionals,com.intsig.BizCardReader,3
og467,Business Professionals,app/nextapp.fx.rk,3
og468,College Students,com.clawdyvan.agendadigitalaluno,3
og468,College Students,com.virblue.mystudylife,3
og468,College Students,com.myhomeowork,3
og468,College Students,com.socrative.student,3
og468,College Students,com.gmail.jmartindev.timetune,3
og468,College Students,com.newbitmobile.handytimetable,3
og468,College Students,com.autoschedule.proto,3
og468,College Students,com.google.android.apps.classroom,3
og468,College Students,crazy.students.student,3
og468,College Students,com.student.budget.planner,3
og468,College Students,com.computas.studentbevis,3
og468,College Students,com.learning2talk.talkingenglishapp,3
og468,College Students,org.keynote.godtools.android,3
og468,College Students,de.qlearning.lmu,3
og468,College Students,com.cloudents.zbox2,3
og468,College Students,com.mycollege.mait,3
og468,College Students,com.rover.rovertown,3
og468,College Students,com.biotuandroidAplica.biologytu,3
og468,College Students,indwin.c3.shareapp,3
og468,College Students,edu.harvard.college.omni,3
og468,College Students,info.timosoft.aplustimetable,3
og468,College Students,com.appsfellow.CollegeResumeLite,3
og470,Couples,com.tenthbit.juliet,3
og470,Couples,kr.co.vcnc.android.couple,3
og470,Couples,com.bettertomorrowapps.spyyourlovefree,3
og470,Couples,com.wonderabbit.couplete,3
og470,Couples,com.wonderabbit.lovedays,3
og470,Couples,com.relance.happycouple,3
og470,Couples,com.nook99.coupletattoos,3
og470,Couples,com.ionicframework.nudgeapp220247,3
og470,Couples,us.lovebyte,3
og470,Couples,com.appbasic.couplephotosuit,3
og470,Couples,kr.dj.lee.couplemission,3
og470,Couples,com.moonit.android.coupleshoroscope,3
og470,Couples,com.abma.couplecounseling,3
og470,Couples,com.hipwooddigital.appycouple,3
og470,Couples,com.kamasutra.mariage.sex.sexy.femme.sexologie.love.amour.relation.rencontre.kegel.positions.education,3
og470,Couples,com.lo2.messenger,3
og470,Couples,com.liverpoolsol.couple_dressing,3
og470,Couples,com.antz.anniverz.loverscounter.free,3
og470,Couples,com.duocouples.app,3
og470,Couples,com.marginweb.relationshipreminder,3
og470,Couples,com.swiitt,3
og470,Couples,com.cutecouplekisswallpaper.kissing.romantic.couple.hug.sweet.lovepictures.background.valentines.hd.girls.art,3
og476,Fashionistas,com.ionicframework.fashionnews445717,3
og476,Fashionistas,com.briox.riversip.android.general.fashion,3
og476,Fashionistas,fr.vogue.android,3
og476,Fashionistas,com.eonline.intl.E,3
og476,Fashionistas,com.m039.kula_tech.elle_russia,3
og476,Fashionistas,com.dev.voici,3
og476,Fashionistas,com.fashion.news.wfkphcwhehrigntmhing,3
og476,Fashionistas,com.hypebeast.editorial,3
og476,Fashionistas,com.mobincube.android,3
og476,Fashionistas,com.lefigaro.madamefigaro,3
og476,Fashionistas,com.zeenews.hindinews,3
og476,Fashionistas,com.andromo,3
og476,Fashionistas,com.newsstand.woman,3
og476,Fashionistas,com.tachanfil.diariosespanioles,3
og476,Fashionistas,com.megaapps.top.fashion.news,3
og476,Fashionistas,com.lagardere.apublic,3
og476,Fashionistas,com.hm.goe,3
og476,Fashionistas,com.perfectcorp.beautycircle,3
og476,Fashionistas,com.perfectcorp.ycn,3
og476,Fashionistas,com.ddnmedia.stylishgirl,3
og476,Fashionistas,io.goodmorning.news.fashion,3
og476,Fashionistas,com.podcast.podcasts,3
og476,Fashionistas,it.apptoyou.android.fnm,3
og476,Fashionistas,com.manic.magazine19v2,3
og477,Fitness Trackers,com.wearablelab.fitnessmate,3
og477,Fitness Trackers,si.modula.android.instantheartrate,3
og477,Fitness Trackers,com.smartapps.bloodpressure,3
og477,Fitness Trackers,com.supersimpleapps.heart_rate_monitor_newui,3
og477,Fitness Trackers,com.macropinch.hydra.android,3
og477,Fitness Trackers,cc.pacer.androidapp,3
og477,Fitness Trackers,com.mapmyfitness.android2,3
og477,Fitness Trackers,com.fitbit.FitbitMobile,3
og477,Fitness Trackers,je.fit,3
og477,Fitness Trackers,com.myfitnesspal.android,3
og477,Fitness Trackers,workout.progression.lite,3
og477,Fitness Trackers,com.github.jamesgay.fitnotes,3
og477,Fitness Trackers,com.selahsoft.workoutlog,3
og477,Fitness Trackers,softin.my.fast.fitness,3
og477,Fitness Trackers,digifit.virtuagym.client.android,3
og477,Fitness Trackers,com.endomondo.android,3
og477,Fitness Trackers,com.stt.android,3
og477,Fitness Trackers,com.micromovie.companion,3
og477,Fitness Trackers,com.mapmyride.android2,3
og477,Fitness Trackers,com.strava,3
og477,Fitness Trackers,sa.soulsapp.healthtracker,3
og478,Frequent Fliers,com.southwestairlines.mobile,3
og478,Frequent Fliers,com.delta.mobile.android,3
og478,Frequent Fliers,com.aa.android,3
og478,Frequent Fliers,com.kayak.android,3
og478,Frequent Fliers,com.jetblue.JetBlueAndroid,3
og478,Frequent Fliers,com.ryanair.cheapflights,3
og478,Frequent Fliers,com.mttnow.droid.easyjet,3
og478,Frequent Fliers,com.ba.mobile,3
og478,Frequent Fliers,com.expedia.bookings,3
og478,Frequent Fliers,com.cf.flightsearch,3
og478,Frequent Fliers,com.jetcost.jetcost,3
og478,Frequent Fliers,com.edreams.travel,3
og478,Frequent Fliers,com.goeuro.rosie,3
og478,Frequent Fliers,com.mo2o.vueling,3
og478,Frequent Fliers,com.momondo.flightsearch,3
og479,Foodies,com.deliveroo.orderapp,3
og479,Foodies,nandos.android.app,3
og479,Foodies,de.foodora.android,3
og479,Foodies,br.com.brainweb.ifood.pizzahut,3
og479,Foodies,com.food.mobile,3
og479,Foodies,com.application.zomato,3
og479,Foodies,com.global.foodpanda.android,3
og479,Foodies,com.justeat.app.uk,3
og479,Foodies,br.com.brainweb.ifood,3
og479,Foodies,com.global.hellofood.android,3
og479,Foodies,com.hungryhouse,3
og479,Foodies,com.done.faasos,3
og479,Foodies,in.swiggy.android,3
og479,Foodies,com.urbanspoon,3
og479,Foodies,com.seamlessweb.android.view,3
og479,Foodies,off.guide.online.food,3
og479,Foodies,com.takeaway.android,3
og479,Foodies,com.sotd.foodhygiene,3
og479,Foodies,au.com.eatnow.android,3
og479,Foodies,com.yopeso.lieferando,3
og481,Gamers,com.mobilesrepublic.appygamer,3
og481,Gamers,com.discord,3
og481,Gamers,com.highsnr.gamester,3
og481,Gamers,com.google.android.apps.youtube.gaming,3
og481,Gamers,tv.twitch.android.app,3
og481,Gamers,gg.gamerlink.gamerlink,3
og481,Gamers,com.magazinecloner.xboxonegamerweekly,3
og481,Gamers,com.pressmatrix.gamermag,3
og481,Gamers,com.ht.gamefindr,3
og481,Gamers,com.goodbarber.configgamer,3
og481,Gamers,com.nettech.gamersworld.appk,3
og481,Gamers,com.cyberindigo.gamernetwork,3
og481,Gamers,co.veam.veam31019357,3
og481,Gamers,com.snow.myGamesDvr,3
og481,Gamers,com.ps3buddies,3
og481,Gamers,com.tsbgamers.android,3
og481,Gamers,net.azurewebsites.ldsglfg.ldsgamers,3
og481,Gamers,com.pressmatrix.gamermag,3
og481,Gamers,com.quick.gamebooster,3
og481,Gamers,com.codgamers,3
og481,Gamers,com.wewana.play,3
og481,Gamers,com.halogamer,3
og481,Gamers,com.google.android.play.games,3
og481,Gamers,com.conduit.app_0f79841f5cbe44a1bd5ba44ed1605b7f.app,3
og481,Gamers,com.karlzzonz.gamersdictionary,3
og482,Health Fanatics,com.myfitnesspal.android,3
og482,Health Fanatics,com.cvs.launchers.cvs,3
og482,Health Fanatics,com.popularapp.periodcalendar,3
og482,Health Fanatics,com.sparkpeople.androidtracker,3
og482,Health Fanatics,com.groundspeak.geocaching.intro,3
og482,Health Fanatics,com.davor.thirtydayfit,3
og482,Health Fanatics,com.getsomeheadspace.android,3
og482,Health Fanatics,com.grinasys.weightlossgoogleplay,3
og482,Health Fanatics,com.nike.plusgps,3
og482,Health Fanatics,com.calm.android,3
og482,Health Fanatics,com.runtastic.android,3
og482,Health Fanatics,com.lesecretdupoids,3
og482,Health Fanatics,com.popularapp.sevenmins,3
og482,Health Fanatics,com.insplisity.ultimatefullbodyworkouts,3
og482,Health Fanatics,cx.grapho.melarossa,3
og482,Health Fanatics,com.ego360.flatstomach,3
og482,Health Fanatics,com.ego360.sevenminute,3
og482,Health Fanatics,com.dietcoacher.sos,3
og482,Health Fanatics,ru.harmonicsoft.caloriecounter,3
og482,Health Fanatics,citamovil.saludresponde,3
og482,Health Fanatics,org.madrid.citasanitaria,3
og482,Health Fanatics,com.xiaomi.hm.health,3
og482,Health Fanatics,com.eightfit.app,3
og482,Health Fanatics,com.endomondo.android,3
og483,Home Buyers,com.trulia.android.rentals,3
og483,Home Buyers,com.redfin.android,3
og483,Home Buyers,com.homes.homesdotcom,3
og483,Home Buyers,com.move.realtor,3
og483,Home Buyers,com.remax.remaxmobile,3
og483,Home Buyers,com.smarteragent.android.kw,3
og483,Home Buyers,com.locon.housing,3
og483,Home Buyers,es.roid.and.trovit,3
og483,Home Buyers,com.movoto.movoto,3
og483,Home Buyers,com.house.android,3
og483,Home Buyers,air.com.smartgenies.BuyingNewHome,3
og483,Home Buyers,com.paemaideas.homebuying.free,3
og483,Home Buyers,com.mobistep.laforet,3
og483,Home Buyers,fr.acheterlouer.gieorpimulti,3
og483,Home Buyers,com.appyours.icon7,3
og483,Home Buyers,it.immobiliare.android,3
og483,Home Buyers,app.com.visureitalia,3
og483,Home Buyers,it.italianaimmobiliare.www,3
og483,Home Buyers,nanonet.valleimmobiliare,3
og483,Home Buyers,nanonet.caseitaliane,3
og484,Hispanic Users,com.applicaster.pe.frecuencia,3
og484,Hispanic Users,com.starfm.app.latina,3
og484,Hispanic Users,musicareggaetongratis.exitosmusicalatina,3
og484,Hispanic Users,pe.panamericana.panamericanatv,3
og484,Hispanic Users,com.amolatina,3
og484,Hispanic Users,radiolatinas.musicagratis,3
og484,Hispanic Users,musicalatina.exitosbachatareggaeton,3
og484,Hispanic Users,com.bestonlineradio.radiospain,3
og484,Hispanic Users,com.biblia.latina,3
og484,Hispanic Users,promoterr.musica.latina,3
og484,Hispanic Users,ar.com.radiolatina,3
og484,Hispanic Users,com.zvzej.jlgproapps.votanbl,3
og484,Hispanic Users,com.emolina.latinastereo,3
og484,Hispanic Users,com.nobexinc.wls_73468226.rc,3
og484,Hispanic Users,com.app.app4955a2994b07,3
og484,Hispanic Users,com.yesstreaming.latina,3
og484,Hispanic Users,com.nobexinc.wls_12398690.rc,3
og485,Home Renters,com.airbnb.android,3
og485,Home Renters,com.trulia.android.rentals,3
og485,Home Renters,com.redfin.android,3
og485,Home Renters,com.homes.homesdotcom,3
og485,Home Renters,com.move.realtor,3
og485,Home Renters,com.remax.remaxmobile,3
og485,Home Renters,com.smarteragent.android.kw,3
og485,Home Renters,com.locon.housing,3
og485,Home Renters,es.roid.and.trovit,3
og485,Home Renters,com.movoto.movoto,3
og485,Home Renters,com.house.android,3
og485,Home Renters,air.com.smartgenies.BuyingNewHome,3
og485,Home Renters,com.paemaideas.homebuying.free,3
og485,Home Renters,com.mobistep.laforet,3
og485,Home Renters,fr.acheterlouer.gieorpimulti,3
og485,Home Renters,com.appyours.icon7,3
og485,Home Renters,it.immobiliare.android,3
og485,Home Renters,app.com.visureitalia,3
og485,Home Renters,it.italianaimmobiliare.www,3
og485,Home Renters,nanonet.valleimmobiliare,3
og486,Hotel Reviewers,com.hcom.android,3
og486,Hotel Reviewers,com.booking,3
og486,Hotel Reviewers,com.trivago,3
og486,Hotel Reviewers,com.laterooms,3
og486,Hotel Reviewers,com.tripit.paid,3
og486,Hotel Reviewers,com.tripadvisor.tripadvisor,3
og486,Hotel Reviewers,com.bluetoad.hotelmanagement,3
og486,Hotel Reviewers,com.nwdco.nhotelnews,3
og486,Hotel Reviewers,com.hoteltonight.android.prod,3
og486,Hotel Reviewers,com.tripadvisor.tripadvisor,3
og486,Hotel Reviewers,com.expedia.bookings,3
og486,Hotel Reviewers,com.ixigo,3
og486,Hotel Reviewers,uk.co.wikiapps.hotelfinder,3
og486,Hotel Reviewers,com.hotelplanner.activity,3
og486,Hotel Reviewers,com.wotif.android,3
og486,Hotel Reviewers,com.hotellook,3
og486,Hotel Reviewers,com.laterooms,3
og487,Investing for Retirement,com.financial.calculator,3
og487,Investing for Retirement,com.schwabrt.PNC,3
og487,Investing for Retirement,com.telerik.QuickPlan1,3
og487,Investing for Retirement,com.RetireLogix.Allos,3
og487,Investing for Retirement,com.mobileapploader.aid220406,3
og487,Investing for Retirement,com.crowdcompass.app0unFBbXRUm,3
og487,Investing for Retirement,nilesh.retirementplanner,3
og487,Investing for Retirement,ca.manulife.android,3
og487,Investing for Retirement,freefincal.com.freefincalretirementcal,3
og487,Investing for Retirement,com.heightcube.retirementcalculator,3
og487,Investing for Retirement,grube.eric.com.retirementcalculator,3
og487,Investing for Retirement,com.calculator.retirement,3
og487,Investing for Retirement,com.nfidm.prudential.ric,3
og487,Investing for Retirement,com.rmworks.pension_calculator,3
og488,Job Seekers,com.indeed.android.jobsearch,3
og488,Job Seekers,com.linkedin.android.jobs.jobseeker,3
og488,Job Seekers,om.ziprecruiter.android.release,3
og488,Job Seekers,com.snagajob.jobseeker,3
og488,Job Seekers,com.glassdoor.app,3
og488,Job Seekers,com.jobtoday.app,3
og488,Job Seekers,com.reedcouk.jobs,3
og488,Job Seekers,com.wl.jobsite,3
og488,Job Seekers,allthetopbananas.cvlibrary,3
og488,Job Seekers,com.stepstone.totaljobs,3
og488,Job Seekers,com.poleemploi.poleemploietmoi,3
og488,Job Seekers,com.regionsjob.android,3
og488,Job Seekers,com.poleemploi.pemobile,3
og488,Job Seekers,com.manpower.interimaires,3
og488,Job Seekers,com.parisjob.android,3
og488,Job Seekers,com.clapp.jobs,3
og488,Job Seekers,net.infojobs.mobile.android,3
og488,Job Seekers,com.jobrapido,3
og488,Job Seekers,com.trovit.android.apps.jobs,3
og488,Job Seekers,com.monster.android.Views,3
og488,Job Seekers,com.jobandtalent.android,3
og488,Job Seekers,com.Worktoday,3
og488,Job Seekers,com.masmovil.masmovil,3
og488,Job Seekers,com.anuntis.laboris,3
og488,Job Seekers,com.mitula.jobs,3
og489,Luxury & Designer,com.zapyle.zapyle,3
og489,Luxury & Designer,com.luxuryphotoframespro,3
og489,Luxury & Designer,com.wViolaShopping,3
og489,Luxury & Designer,com.mobilepricess.eiddresse,3
og489,Luxury & Designer,com.reebonz.fashion,3
og489,Luxury & Designer,com.masiro.homeinterior,3
og489,Luxury & Designer,com.FurnitureCatcher,3
og489,Luxury & Designer,uk.co.cocosa,3
og489,Luxury & Designer,com.shopstyle,3
og489,Luxury & Designer,com.cmcm.style.clock,3
og489,Luxury & Designer,com.luxuryestate.android,3
og489,Luxury & Designer,com.jb.gokeyboard.theme.keyboardthemeluxurious.getjar,3
og489,Luxury & Designer,org.adwtheme.material.iconpack.golden,3
og489,Luxury & Designer,ginlemon.sltheme.luxury,3
og489,Luxury & Designer,com.conduit.app_fe8d1a18d37d445fbda325f8c0f12076.app,3
og490,Mobile Gamers,com.fortafygames.colorswitch,3
og490,Mobile Gamers,com.nekki.vector2,3
og490,Mobile Gamers,com.kiloo.subwaysurf,3
og490,Mobile Gamers,com.epicwaronline.ms,3
og490,Mobile Gamers,com.cmplay.tiles2,3
og490,Mobile Gamers,com.monsterbrainstudios.crossword,3
og490,Mobile Gamers,com.miniclip.eightballpool,3
og490,Mobile Gamers,com.disney.disneycrossyroad_goo,3
og490,Mobile Gamers,com.ketchapp.stack,3
og490,Mobile Gamers,com.distinctdev.tmtlite,3
og490,Mobile Gamers,com.supercell.clashroyale,3
og490,Mobile Gamers,com.nekki.vector2,3
og490,Mobile Gamers,com.supercell.clashofclans,3
og490,Mobile Gamers,com.gamecircus.CoinDozerJackpot,3
og490,Mobile Gamers,com.king.candycrushsaga,3
og490,Mobile Gamers,com.nekki.vector2,3
og490,Mobile Gamers,com.hutchgames.hillclimb,3
og490,Mobile Gamers,com.fanatee.stop,3
og490,Mobile Gamers,com.cmplay.tiles2,3
og490,Mobile Gamers,com.crater.bbtan,3
og490,Mobile Gamers,air.com.hypah.io.slither,3
og490,Mobile Gamers,com.mightyblocks.craftroyale,3
og490,Mobile Gamers,com.djinnworks.ss16,3
og490,Mobile Gamers,me.pou.app,3
og490,Mobile Gamers,com.martinmagni.mekorama,3
og491,Moms,com.maz.mothererthnws,3
og491,Moms,com.jillian.momcoapp,3
og491,Moms,com.mobile.mother,3
og491,Moms,com.smilefam.kand,3
og491,Moms,com.magzter.motherandbabysingapore,3
og491,Moms,com.momjunction,3
og491,Moms,com.ngguate.momslife,3
og491,Moms,com.solarstellar.momquotes,3
og491,Moms,com.thirtysecmobile.thirtysecmom,3
og491,Moms,com.ecw.healowmom,3
og491,Moms,com.magzter.celebritymom,3
og491,Moms,com.mif,3
og491,Moms,kalcare.mommychi,3
og491,Moms,de.dennowar.happymom,3
og493,New Parents,com.labshealth.percentiles,3
og493,New Parents,com.webmd.baby,3
og493,New Parents,com.hp.pregnancy.lite,3
og493,New Parents,com.lagardere.parents.mag,3
og493,New Parents,com.babycenter.pregnancytracker,3
og493,New Parents,com.parents.grossesse,3
og493,New Parents,com.wte.view,3
og493,New Parents,com.mmguardian.parentapp,3
og493,New Parents,com.webmd.android,3
og493,New Parents,com.infoweise.parentalcontrol.secureteen,3
og493,New Parents,com.loiswattis.NewBaby101,3
og493,New Parents,com.glow.android.baby,3
og493,New Parents,com.yangcm.babyCalendar,3
og493,New Parents,com.newmommymedia.android.twintalks,3
og493,New Parents,com.atomwide.atomwideapp,3
og494,News Junkies,com.ss.android.article.master,3
og494,News Junkies,com.reddit.frontpage,3
og494,News Junkies,com.cnn.mobile.android.phone,3
og494,News Junkies,com.aol.mobile.aolapp,3
og494,News Junkies,com.foxnews.android,3
og494,News Junkies,bbc.mobile.news.uk,3
og494,News Junkies,com.dailymail.online,3
og494,News Junkies,com.guardian,3
og494,News Junkies,com.bskyb.skynews.android,3
og494,News Junkies,com.ss.android.article.master.gb,3
og494,News Junkies,fr.francetv.apps.info,3
og494,News Junkies,com.nextradiotv.bfmtvandroid,3
og494,News Junkies,com.backelite.vingtminutes,3
og494,News Junkies,com.lemonde.androidapp,3
og494,News Junkies,com.roularta.lexpress,3
og494,News Junkies,it.froggy.tgcom,3
og494,News Junkies,com.google.android.apps.genie.geniewidget,3
og494,News Junkies,ansa.app,3
og494,News Junkies,com.messaggero.mobile.app,3
og494,News Junkies,flipboard.app,3
og494,News Junkies,com.rtve.actualidaddos,3
og494,News Junkies,com.cope.radio,3
og494,News Junkies,com.elpais.elpais,3
og494,News Junkies,com.gi.elmundo.main,3
og494,News Junkies,com.prensa,3
og495,Online Daters,com.badoo.mobile,3
og495,Online Daters,com.enflick.android.TextNow,3
og495,Online Daters,com.cmcm.live,3
og495,Online Daters,com.sgiggle.production,3
og495,Online Daters,com.zoosk.zoosk,3
og495,Online Daters,net.lovoo.android,3
og495,Online Daters,com.yubl.yubl,3
og495,Online Daters,com.myyearbook.m,3
og495,Online Daters,com.okcupid.okcupid,3
og495,Online Daters,com.jaumo,3
og495,Online Daters,com.adopteunmec.androidfr,3
og495,Online Daters,com.hitwe.android,3
og495,Online Daters,com.weheartit,3
og495,Online Daters,net.rencontre_ados.app,3
og495,Online Daters,com.m123.tchatche.android,3
og495,Online Daters,it.wind.windtalk,3
og495,Online Daters,com.chatous.pointblank,3
og495,Online Daters,com.tutored.tutored,3
og495,Online Daters,com.oovoo,3
og495,Online Daters,com.jnj.mocospace.android,3
og495,Online Daters,com.twoo,3
og495,Online Daters,com.mico,3
og496,Online Shoppers,uk.co.majestic.android,3
og496,Online Shoppers,in.klip,3
og496,Online Shoppers,in.getmyoffers,3
og496,Online Shoppers,com.onlinekinmel.mobile.nativeapp,3
og496,Online Shoppers,com.MySmartPrice.MySmartPrice,3
og496,Online Shoppers,com.amazon.mShop.android.shopping,3
og496,Online Shoppers,com.andromo.dev83089.app126976,3
og496,Online Shoppers,com.hm.goe,3
og496,Online Shoppers,com.inditex.zara,3
og496,Online Shoppers,com.tigerspike.newlook,3
og496,Online Shoppers,com.riverisland.android,3
og496,Online Shoppers,com.inditex.ecommerce.bershka,3
og496,Online Shoppers,com.rarewire.forever21,3
og496,Online Shoppers,com.dylvian.mango.activities,3
og496,Online Shoppers,com.appsindotech.galerieslafayette,3
og497,Pet Owners,com.texterity.android.HamptonsPet,3
og497,Pet Owners,com.jellyfishconnect.lifewithpets,3
og497,Pet Owners,com.magazinecloner.pets,3
og497,Pet Owners,com.audiencemedia.app671,3
og497,Pet Owners,com.magzter.clubpetsmagazine,3
og497,Pet Owners,com.bedjjicjfj.bbdgbedjjicjfj,3
og497,Pet Owners,br.com.maven.caesegatos,3
og497,Pet Owners,com.triactivemedia.dogsmonthly,3
og497,Pet Owners,com.magzter.dogsandmore,3
og497,Pet Owners,revistavetscience.com.br,3
og497,Pet Owners,com.gomobileapptools.secondfamilydogs,3
og497,Pet Owners,com.ilovemags.dogslife,3
og497,Pet Owners,br.com.petlove.petlove,3
og497,Pet Owners,com.magmakereditions.animaltalk,3
og500,Retirees,com.ing.rs.ingretire,3
og500,Retirees,air.hk.com.wisdomone.pst.phone,3
og500,Retirees,com.bpas.Enveritus,3
og500,Retirees,com.favequest.mea.fsna_2014_agm,3
og500,Retirees,glaukon.finance.just.retire,3
og500,Retirees,nilesh.retirementplanner,3
og500,Retirees,com.iwanttobeamillionaireapp.retireasap,3
og502,Socialites,com.snapchat.android,3
og502,Socialites,com.facebook.katana,3
og502,Socialites,com.instagram.android,3
og502,Socialites,com.pinterest,3
og502,Socialites,com.twitter.android,3
og502,Socialites,me.msqrd.android,3
og502,Socialites,com.tumblr,3
og502,Socialites,com.linkedin.android,3
og502,Socialites,tv.periscope.android,3
og502,Socialites,net.lovoo.android,3
og502,Socialites,com.tiggel.truthordareparty,3
og502,Socialites,com.myyearbook.m,3
og502,Socialites,com.hitwe.android,3
og502,Socialites,mobi.skyrock.Smax,3
og502,Socialites,com.askfm,3
og502,Socialites,it.wind.windtalk,3
og502,Socialites,it.insegreto.android,3
og502,Socialites,com.tellm.android.app,3
og502,Socialites,com.spaparazza.app,3
og502,Socialites,com.tutored.tutored,3
og502,Socialites,com.facebook.lite,3
og502,Socialites,com.cerminara.yazzy,3
og502,Socialites,com.google.android.apps.plus,3
og502,Socialites,com.skout.android,3
og505,Techies,com.mobilesrepublic.appygeek,3
og505,Techies,it.pinenuts.technews,3
og505,Techies,com.jiubang.goscreenlock.theme.golockertehnology,3
og505,Techies,com.andromo.dev455873.app445079,3
og505,Techies,com.gtp.nextlauncher.liverpaper.superliverpaper.technology,3
og505,Techies,com.techhacks.app,3
og505,Techies,com.ted.android,3
og505,Techies,com.aol.mobile.techcrunch,3
og505,Techies,com.hacking.tech,3
og505,Techies,com.treemolabs.apps.cnet,3
og505,Techies,com.barisefe.technews,3
og505,Techies,com.andromo.dev378700.app438626,3
og505,Techies,com.nis.app,3
og505,Techies,com.securus.videoclient,3
og506,Vacation Planners,com.tripit,3
og506,Vacation Planners,com.vacation.planner,3
og506,Vacation Planners,com.spiritapps.android.tripplannerapp,3
og506,Vacation Planners,igost.presents.tripplanner,3
og506,Vacation Planners,com.onetwovacation,3
og506,Vacation Planners,com.sabre.tripcase.android,3
og506,Vacation Planners,com.roadtrippers,3
og506,Vacation Planners,com.triplynr.android,3
og506,Vacation Planners,com.tripadvisor.tripadvisor,3
og506,Vacation Planners,com.sensis.voyager,3
og506,Vacation Planners,com.mytrip.android,3
og506,Vacation Planners,com.jimbl.vacationplanner,3
og506,Vacation Planners,com.aspiring.vacationplannerphn,3
og506,Vacation Planners,com.gladtohaveyou.casiola,3
og506,Vacation Planners,com.the.vacation.planner.guide,3
og506,Vacation Planners,com.airbnb.android,3
og506,Vacation Planners,com.ninolabs.eam,3
og506,Vacation Planners,com.gladtohaveyou.akumaldirect,3
og506,Vacation Planners,com.tripoto,3
og506,Vacation Planners,com.trivago,3
og433,Baby & Parenting,app.babychakra.babychakra,3
og433,Baby & Parenting,com.babycenter.pregnancytracker,3
og433,Baby & Parenting,com.hp.babynames,3
og433,Baby & Parenting,com.glow.android.baby,3
og433,Baby & Parenting,com.tinystep.app,3
og433,Baby & Parenting,com.momjunction,3
og433,Baby & Parenting,com.munchkinmonitor,3
og433,Baby & Parenting,com.baby.android,3
og433,Baby & Parenting,pl.happypieluszki.ciazowa,3
og433,Baby & Parenting,air.com.softservice.BabyMonitor,3
og433,Baby & Parenting,cz.master.annie,3
og433,Baby & Parenting,air.ParentEducation,3
og433,Baby & Parenting,com.omh.preghindijagran.android.activity,3
og433,Baby & Parenting,com.contextlogic.mama,3
og433,Baby & Parenting,au.com.penguinapps.android.babyfeeding.client.android,3
og433,Baby & Parenting,au.org.mindthebump,3
og433,Baby & Parenting,com.drillyapps.babydaybook,3
og433,Baby & Parenting,com.hp.pregnancy.lite,3
og472,C-Suite Execs,com.pagesuite.droid.egmarketreport,3
og472,C-Suite Execs,com.wnmedia.europeanceo,3
og472,C-Suite Execs,com.crowdcompass.app0nJika6EdI,3
og472,C-Suite Execs,com.pagesuite.observe,3
og472,C-Suite Execs,air.com.yudu.ReaderAIR5026123,3
og472,C-Suite Execs,com.micepad.ibmconnect2016,3
og503,Soon to be bridge,com.modernluxury.brides,3
og503,Soon to be bridge,com.smarttpapers.blissfulbride,3
og503,Soon to be bridge,com.pagesuite.droid.ulsterbride,3
og503,Soon to be bridge,com.pacificmagazines.bridetobe,3
og503,Soon to be bridge,com.TrendyBride.TrendyBride,3
og503,Soon to be bridge,zmic.wedding.dresses,3
og503,Soon to be bridge,com.bride.bridegroup,3
og503,Soon to be bridge,com.bridestory.android.bridestoryforbusiness,3
og503,Soon to be bridge,com.mobileboss.noivas,3
og503,Soon to be bridge,com.freestart.citybrides.appyli,3
og462,Animals,com.titan.animaljigsaw,3
og462,Animals,com.aura.ringtones.auraanimals,3
og462,Animals,com.vysionapps.animalfaces,3
og462,Animals,com.sonymobile.areffect.animals_theme,3
og462,Animals,com.zellenterprises.animalsounds,3
og462,Animals,com.freeapps.wallpapers.animalwallpapers,3
og462,Animals,net.nefastudio.android.dmoridesigner,3
og462,Animals,com.pbs.android.animalssounds,3
og498,Pharma,com.pharmaguideline,3
og498,Pharma,com.listview.animation,3
og498,Pharma,com.binops.pharma.pk,3
og498,Pharma,com.atomic.apps.medical.drug.dictionary,3
og498,Pharma,com.applemedical.pharmacology,3
og498,Pharma,com.eperto.app.smartpharma,3
og498,Pharma,com.teehalf.pocketpill,3
og498,Pharma,com.twgbd.dims,3
og498,Pharma,com.us.smartpharmaguide,3
og498,Pharma,com.algostudio.drugguide,3
og498,Pharma,com.bs23.medicine.incepta,3
og498,Pharma,appinventor.ai_bilalarshad.Pediatric,3
og498,Pharma,com.atomic.apps.medical.disease.condition.dictionary,3
og498,Pharma,com.cbo.cbomobilereporting,3
og498,Pharma,com.rpharms.pj,3
og498,Pharma,com.fiercemarkets.FiercePharma,3
og498,Pharma,com.gpatpharmaplus,3
og498,Pharma,com.medscape.android,3
og475,Events & Tickets,com.seatgeek.android,3
og475,Events & Tickets,com.ticketmaster.mobile.android.uk,3
og475,Events & Tickets,com.stubhub,3
og475,Events & Tickets,com.passesalliance.wallet,3
og475,Events & Tickets,gr.viva.vivagr,3
og475,Events & Tickets,com.eventbrite.attendee,3
og475,Events & Tickets,com.sujav.fastticket,3
og475,Events & Tickets,cz.akcenaprani.eticket,3
og475,Events & Tickets,com.traveloka.android,3
og475,Events & Tickets,com.mobile.android.qtickets,3
og475,Events & Tickets,com.rukkus.app,3
og475,Events & Tickets,com.tiqeet.tiqeet,3
og475,Events & Tickets,com.rukkus.app,3
og475,Events & Tickets,com.tenacioustechies.buzzmyevent,3
og475,Events & Tickets,appinventor.ai_aapm1000.TG,3
og475,Events & Tickets,ticketbox.event.user,3
og491,Moms,com.smilefam.kand,3
og491,Moms,com.DoodleText.bundles.pack.MothersDay,3
og491,Moms,air.com.frame2frame.ilovemymom,3
og491,Moms,com.samsungmedison.sonic,3
og491,Moms,com.contextlogic.mama,3
og491,Moms,io.cordova.momspumpherefinal,3
og491,Moms,com.CafeMom,3
og491,Moms,com.babycenter.pregnancytracker,3
og491,Moms,com.mjnph.enfamama,3
og491,Moms,com.interfocusllc.patpat,3
og491,Moms,com.jnj.sevenminutemoms,3
og441,Dating,com.okcupid.okcupid,3
og441,Dating,com.choiceoflove.dating,3
og441,Dating,net.couplemaker.meeting,3
og441,Dating,com.pof.android,3
og441,Dating,com.wamba.bbs,3
og441,Dating,com.singlesaroundme.android,3
og441,Dating,com.best.free.dating.apps.android,3
og441,Dating,ru.mamba.client,3
og435,Car Rentals,com.rentalcars.handset,3
og435,Car Rentals,com.ehi.enterprise.android,3
og435,Car Rentals,hotels.car.rentals.flights.ukasoft,3
og435,Car Rentals,com.carrentals,3
og435,Car Rentals,com.c4mprod.voiturelib,3
og435,Car Rentals,com.clanmo.europcar,3
og435,Car Rentals,com.zoomcar,3
og435,Car Rentals,com.relayrides.android.relayrides,3
og435,Car Rentals,com.sixt.reservation,3
og435,Car Rentals,com.IzziRent,3
og435,Car Rentals,com.hummba.guide.carrentalrepublic,3
og435,Car Rentals,com.techi.carRentalSoftware.driver,3
og448,Genealogy,com.bsdconcept.heredis,3
og448,Genealogy,com.drevo,3
og448,Genealogy,uk.co.treeview.app,3
og448,Genealogy,com.coreapps.android.followme.ngsgen,3
og448,Genealogy,com.famicity.famicity,3
og448,Genealogy,com.evernote,3
