og433,Baby & Parenting,app.babychakra.babychakra
og433,Baby & Parenting,com.babycenter.pregnancytracker
og433,Baby & Parenting,com.hp.babynames
og433,Baby & Parenting,com.glow.android.baby
og433,Baby & Parenting,com.tinystep.app
og433,Baby & Parenting,com.momjunction
og433,Baby & Parenting,com.munchkinmonitor
og433,Baby & Parenting,com.baby.android
og433,Baby & Parenting,pl.happypieluszki.ciazowa
og433,Baby & Parenting,air.com.softservice.BabyMonitor
og433,Baby & Parenting,cz.master.annie
og433,Baby & Parenting,air.ParentEducation
og433,Baby & Parenting,com.omh.preghindijagran.android.activity
og433,Baby & Parenting,com.contextlogic.mama
og433,Baby & Parenting,au.com.penguinapps.android.babyfeeding.client.android
og433,Baby & Parenting,au.org.mindthebump
og433,Baby & Parenting,com.drillyapps.babydaybook
og433,Baby & Parenting,com.hp.pregnancy.lite
og472,C-Suite Execs,com.pagesuite.droid.egmarketreport
og472,C-Suite Execs,com.wnmedia.europeanceo
og472,C-Suite Execs,com.crowdcompass.app0nJika6EdI
og472,C-Suite Execs,com.pagesuite.observe
og472,C-Suite Execs,air.com.yudu.ReaderAIR5026123
og472,C-Suite Execs,com.micepad.ibmconnect2016
og503,Soon to be bridge,com.modernluxury.brides
og503,Soon to be bridge,com.smarttpapers.blissfulbride
og503,Soon to be bridge,com.pagesuite.droid.ulsterbride
og503,Soon to be bridge,com.pacificmagazines.bridetobe
og503,Soon to be bridge,com.TrendyBride.TrendyBride
og503,Soon to be bridge,zmic.wedding.dresses
og503,Soon to be bridge,com.bride.bridegroup
og503,Soon to be bridge,com.bridestory.android.bridestoryforbusiness
og503,Soon to be bridge,com.mobileboss.noivas
og503,Soon to be bridge,com.freestart.citybrides.appyli
og462,Animals,com.titan.animaljigsaw
og462,Animals,com.aura.ringtones.auraanimals
og462,Animals,com.vysionapps.animalfaces
og462,Animals,com.sonymobile.areffect.animals_theme
og462,Animals,com.zellenterprises.animalsounds
og462,Animals,com.freeapps.wallpapers.animalwallpapers
og462,Animals,net.nefastudio.android.dmoridesigner
og462,Animals,com.pbs.android.animalssounds
og498,Pharma,com.pharmaguideline
og498,Pharma,com.listview.animation
og498,Pharma,com.binops.pharma.pk
og498,Pharma,com.atomic.apps.medical.drug.dictionary
og498,Pharma,com.applemedical.pharmacology
og498,Pharma,com.eperto.app.smartpharma
og498,Pharma,com.teehalf.pocketpill
og498,Pharma,com.twgbd.dims
og498,Pharma,com.us.smartpharmaguide
og498,Pharma,com.algostudio.drugguide
og498,Pharma,com.bs23.medicine.incepta
og498,Pharma,appinventor.ai_bilalarshad.Pediatric
og498,Pharma,com.atomic.apps.medical.disease.condition.dictionary
og498,Pharma,com.cbo.cbomobilereporting
og498,Pharma,com.rpharms.pj
og498,Pharma,com.fiercemarkets.FiercePharma
og498,Pharma,com.gpatpharmaplus
og498,Pharma,com.medscape.android
og475,Events & Tickets,com.seatgeek.android
og475,Events & Tickets,com.ticketmaster.mobile.android.uk
og475,Events & Tickets,com.stubhub
og475,Events & Tickets,com.passesalliance.wallet
og475,Events & Tickets,gr.viva.vivagr
og475,Events & Tickets,com.eventbrite.attendee
og475,Events & Tickets,com.sujav.fastticket
og475,Events & Tickets,cz.akcenaprani.eticket
og475,Events & Tickets,com.traveloka.android
og475,Events & Tickets,com.mobile.android.qtickets
og475,Events & Tickets,com.rukkus.app
og475,Events & Tickets,com.tiqeet.tiqeet
og475,Events & Tickets,com.rukkus.app
og475,Events & Tickets,com.tenacioustechies.buzzmyevent
og475,Events & Tickets,appinventor.ai_aapm1000.TG
og475,Events & Tickets,ticketbox.event.user
og491,Moms,com.smilefam.kand
og491,Moms,com.DoodleText.bundles.pack.MothersDay
og491,Moms,air.com.frame2frame.ilovemymom
og491,Moms,com.samsungmedison.sonic
og491,Moms,com.contextlogic.mama
og491,Moms,io.cordova.momspumpherefinal
og491,Moms,com.CafeMom
og491,Moms,com.babycenter.pregnancytracker
og491,Moms,com.mjnph.enfamama
og491,Moms,com.interfocusllc.patpat
og491,Moms,com.jnj.sevenminutemoms
og441,Dating,com.okcupid.okcupid
og441,Dating,com.choiceoflove.dating
og441,Dating,net.couplemaker.meeting
og441,Dating,com.pof.android
og441,Dating,com.wamba.bbs
og441,Dating,com.singlesaroundme.android
og441,Dating,com.best.free.dating.apps.android
og441,Dating,ru.mamba.client
og435,Car Rentals,com.rentalcars.handset
og435,Car Rentals,com.ehi.enterprise.android
og435,Car Rentals,hotels.car.rentals.flights.ukasoft
og435,Car Rentals,com.carrentals
og435,Car Rentals,com.c4mprod.voiturelib
og435,Car Rentals,com.clanmo.europcar
og435,Car Rentals,com.zoomcar
og435,Car Rentals,com.relayrides.android.relayrides
og435,Car Rentals,com.sixt.reservation
og435,Car Rentals,com.IzziRent
og435,Car Rentals,com.hummba.guide.carrentalrepublic
og435,Car Rentals,com.techi.carRentalSoftware.driver
og448,Genealogy,com.bsdconcept.heredis
og448,Genealogy,com.drevo
og448,Genealogy,uk.co.treeview.app
og448,Genealogy,com.coreapps.android.followme.ngsgen
og448,Genealogy,com.famicity.famicity
og448,Genealogy,com.evernote
