og433,Baby & Parenting,http://.lilypie.com/
og433,Baby & Parenting,http://www.todaysparent.com/baby/baby-websites/
og433,Baby & Parenting,http://www.babycentre.co.uk/
og433,Baby & Parenting,https://www.zerotothree.org/
og433,Baby & Parenting,http://www.netmums.com/
og433,Baby & Parenting,http://www.parents.com/
og433,Baby & Parenting,http://www.parenting.com/baby-names
og433,Baby & Parenting,http://www.babygaga.com/
og433,Baby & Parenting,https://www.healthychildren.org/English/ages-stages/baby/
og433,Baby & Parenting,http://www.fisher-price.com/en_GB
og433,Baby & Parenting,http://www.mrs2be.ie/mum2be/general-parenting
og433,Baby & Parenting,http://www.justparents.co.uk/
og433,Baby & Parenting,http://.lancaster.unl.edu/family
og433,Baby & Parenting,http://www.janetlansbury.com/
og433,Baby & Parenting,http://.ammaparentingcenter.com/
og433,Baby & Parenting,http://www.parentcastpodcast.com/
og472,C-Suite Execs,https://.hbr.org/2011/05/the-case-for-executive-assistants
og472,C-Suite Execs,http://www.cio.com/
og472,C-Suite Execs,http://.energynow.ca/feature-c-suite-energy-executive-ceo-of-the-year-lorenzo-donadeo-vermillion-energy/
og472,C-Suite Execs,http://.csuiteassistants.net/
og472,C-Suite Execs,http://www.investopedia.com/terms/c/
og472,C-Suite Execs,https://.compstudy.com/content/c-suite-executive-salaries-and-bonuses-down-private-technology-companies
og503,Soon to be bridge,http://.mindyweiss.com/
og503,Soon to be bridge,http://.sparkliatti.com/
og503,Soon to be bridge,http://www.stylemepretty.com/
og503,Soon to be bridge,http://www.weddingbee.com/
og503,Soon to be bridge,http://www.adorn.com/
og503,Soon to be bridge,http://www.bluenile.com/uk/
og503,Soon to be bridge,http://www.jenniferbehr.com/#
og503,Soon to be bridge,http://www.soonbride.co.uk/2015/10/4/2w7rgbawkb2vp4plbyu6xm2dwdjd6d
og503,Soon to be bridge,http://www.advantagebridal.com/
og503,Soon to be bridge,http://www.foryourparty.com/
og503,Soon to be bridge,http://www.pingg.com/
og503,Soon to be bridge,http://www.kateaspen.com/
og503,Soon to be bridge,http://www.onegirlcookies.com/
og503,Soon to be bridge,https://www.etsy.com/
og503,Soon to be bridge,https://www.jamaligarden.com/
og503,Soon to be bridge,http://.pearlriver.com/v3/
og503,Soon to be bridge,https://www.aplusrstore.com/
og462,Animals,http://www.onekind.org/education/top_10_lists/
og462,Animals,https://www.theguardian.com/world/animals
og462,Animals,http://www.peta.org/living/beauty/animal-ingredients-list/
og462,Animals,http://www.chesterzoo.org/animals
og462,Animals,http://www.ad-international.org/adi_home/
og462,Animals,http://www.worldanimalday.org.uk/
og462,Animals,http://www.livescience.com/animals
og462,Animals,http://www.ngkids.co.uk/animals
og462,Animals,http://www.captiveanimals.org/
og462,Animals,http://.animaldiversity.org/
og498,Pharma,http://www.phrma.org/
og498,Pharma,http://www.fiercepharma.com/
og498,Pharma,http://.redxpharma.com/
og498,Pharma,http://www.purduepharma.com/
og498,Pharma,http://www.pharmamanufacturing.com/
og498,Pharma,http://www.gwpharm.com/
og498,Pharma,http://www.acaciapharma.com/
og498,Pharma,http://www.eusapharma.com/
og498,Pharma,http://www.juniperpharma.com/pharma-services/
og498,Pharma,http://www.vrtx.com/
og498,Pharma,http://www.pharmatimes.com/
og498,Pharma,https://www.britannia-pharm.co.uk/
og498,Pharma,https://pharma.aptar.com/
og498,Pharma,http://www.cosmopharma.com/
og498,Pharma,http://www.ionispharma.com/
og498,Pharma,http://www.roche.com/about/business
og498,Pharma,https://www.macrolide.com/
og498,Pharma,http://pharma.bayer.com/
og475,Events & Tickets,http://www.ticketarena.co.uk/sell-tickets/
og475,Events & Tickets,http://www.nutickets.com/landing-pages/ticketing/?gclid=CKmWtYbxpM0CFRHhGwodcEsDMg
og475,Events & Tickets,https://www.ticketbooth.eu/ticketing/?gclid=CLaZk4jxpM0CFYtl2wod5X0BKg
og475,Events & Tickets,http://www.seetickets.com/
og475,Events & Tickets,http://www.timeout.com/london/tickets
og475,Events & Tickets,http://www.viagogo.co.uk/London
og475,Events & Tickets,http://www.getmein.com/
og475,Events & Tickets,http://www.eventim.co.uk/
og475,Events & Tickets,http://www.stubhub.co.uk/
og475,Events & Tickets,http://www.ticketline.co.uk/
og475,Events & Tickets,http://www.visitlondon.com/things-to-do
og475,Events & Tickets,https://www.eventbrite.co.uk/d/united-kingdom--london/events/
og475,Events & Tickets,http://www.ssearena.co.uk/
og437,Luxury Goods,http://www.armani.com/gb
og437,Luxury Goods,https://www.myhermes.co.uk/
og437,Luxury Goods,http://www.watchfinder.co.uk/Rolex/Watches
og437,Luxury Goods,http://uk.louisvuitton.com/eng-gb/homepage
og437,Luxury Goods,http://www.ralphlauren.co.uk/home/index.jsp
og437,Luxury Goods,http://www.ray-ban.com/uk
og437,Luxury Goods,http://www.chanel.com/en_GB/
og437,Luxury Goods,http://www.ysl.com/gb
og437,Luxury Goods,http://www.dior.com/home/en_gb
og437,Luxury Goods,http://www.ferrari.com/en_gb/
og437,Luxury Goods,https://www.swatch.com/en_gb/
og441,Dating,https://www.datingdirect.com/unlogged/landing/2015/12/29/
og441,Dating,https://www.zoosk.com/lnd
og441,Dating,http://.dating.elitesingles.co.uk/geisc9/741561/
og441,Dating,https://uk.match.com/unlogged/landing/2016/05/mix/?fsid=100&mtcmk=684062&CJAID=11247079&CJPID=5662452&CJSID=gyW1Hc5sMB&CJCID=1522858&ktid=0&klid=6714&tckka=160613154802529350&tckvs=160613154802522450
og441,Dating,http://www.eharmony.co.uk/?cid=71508&pid=wkwvSARSZn
og441,Dating,http://www.datingagency.com/uk/aff/
og441,Dating,http://www.maturedatinguk.com/
og441,Dating,http://.passion.com/go/page/
og441,Dating,http://.shhhdating.com/
og441,Dating,http://dating.independent.co.uk/
og435,Car Rentals,http://www.rentalcars.com/
og435,Car Rentals,http://www.avis.co.uk/
og435,Car Rentals,https://www.europcar.co.uk
og435,Car Rentals,https://www.travelsupermarket.com/en-gb/ppc/car-hire/c
og435,Car Rentals,https://www.skyscanner.net/carhire
og435,Car Rentals,https://www.sixt.co.uk
og435,Car Rentals,https://www.hertz.co.uk/rentacar/reservation/
og435,Car Rentals,https://www.easycar.com/
og435,Car Rentals,http://www.holidayautos.co.uk/
og448,Genealogy,http://www.genuki.org.uk
og448,Genealogy,http://www.genesreunited.co.uk
og448,Genealogy,https://.genealogysupplies.com/
og448,Genealogy,http://www.freeukgenealogy.org.uk/
og448,Genealogy,http://www.genealogy.com/
og448,Genealogy,http://www.findmypast.co.uk
og448,Genealogy,http://www.ihgs.ac.uk/
og448,Genealogy,http://www.genealogyintime.com/tools
